-- ============================================================
-- Local development seed data
-- Tenant ID: 00000000-0000-0000-0000-000000000001
-- This file is auto-run by Docker when the DB is first created
-- ============================================================

-- Tenant (the hotel)
INSERT INTO tenants (id, name, slug, contact_email, contact_phone, city, country, currency, timezone)
VALUES (
    '00000000-0000-0000-0000-000000000001',
    'The Grand Airbee',
    'grand-airbee',
    'manager@airbee.local',
    '+91-9876543210',
    'Mumbai',
    'India',
    'INR',
    'Asia/Kolkata'
) ON CONFLICT DO NOTHING;

-- Room categories
INSERT INTO room_categories (id, tenant_id, name, description, base_price, amenities) VALUES
    ('00000000-0000-0000-0000-000000000010', '00000000-0000-0000-0000-000000000001', 'Standard',  'Comfortable standard room',     2999.00, '["WiFi","AC","TV"]'),
    ('00000000-0000-0000-0000-000000000011', '00000000-0000-0000-0000-000000000001', 'Deluxe',    'Spacious deluxe room',          4999.00, '["WiFi","AC","TV","Mini Bar"]'),
    ('00000000-0000-0000-0000-000000000012', '00000000-0000-0000-0000-000000000001', 'Suite',     'Luxury suite with ocean view',  9999.00, '["WiFi","AC","TV","Mini Bar","Jacuzzi","Balcony"]'),
    ('00000000-0000-0000-0000-000000000013', '00000000-0000-0000-0000-000000000001', 'Executive', 'Executive room for business',   6999.00, '["WiFi","AC","TV","Work Desk","Coffee Machine"]')
ON CONFLICT DO NOTHING;

-- Rooms
INSERT INTO rooms (id, tenant_id, name, room_number, floor, category_id, base_price, current_price, max_occupancy, status, housekeeping_status) VALUES
    ('10000000-0000-0000-0000-000000000001', '00000000-0000-0000-0000-000000000001', 'Room 101', '101', 1, '00000000-0000-0000-0000-000000000010', 2999, 2999, 2, 'available',  'clean'),
    ('10000000-0000-0000-0000-000000000002', '00000000-0000-0000-0000-000000000001', 'Room 102', '102', 1, '00000000-0000-0000-0000-000000000010', 2999, 2999, 2, 'occupied',   'dirty'),
    ('10000000-0000-0000-0000-000000000003', '00000000-0000-0000-0000-000000000001', 'Room 103', '103', 1, '00000000-0000-0000-0000-000000000010', 2999, 3299, 2, 'available',  'clean'),
    ('10000000-0000-0000-0000-000000000004', '00000000-0000-0000-0000-000000000001', 'Room 201', '201', 2, '00000000-0000-0000-0000-000000000011', 4999, 4999, 2, 'available',  'clean'),
    ('10000000-0000-0000-0000-000000000005', '00000000-0000-0000-0000-000000000001', 'Room 202', '202', 2, '00000000-0000-0000-0000-000000000011', 4999, 5499, 2, 'occupied',   'in_progress'),
    ('10000000-0000-0000-0000-000000000006', '00000000-0000-0000-0000-000000000001', 'Room 203', '203', 2, '00000000-0000-0000-0000-000000000011', 4999, 4999, 2, 'maintenance','dirty'),
    ('10000000-0000-0000-0000-000000000007', '00000000-0000-0000-0000-000000000001', 'Suite 301','301', 3, '00000000-0000-0000-0000-000000000012', 9999, 9999, 3, 'available',  'clean'),
    ('10000000-0000-0000-0000-000000000008', '00000000-0000-0000-0000-000000000001', 'Suite 302','302', 3, '00000000-0000-0000-0000-000000000012', 9999,11999, 3, 'occupied',   'clean'),
    ('10000000-0000-0000-0000-000000000009', '00000000-0000-0000-0000-000000000001', 'Exec 401', '401', 4, '00000000-0000-0000-0000-000000000013', 6999, 6999, 2, 'available',  'clean'),
    ('10000000-0000-0000-0000-000000000010', '00000000-0000-0000-0000-000000000001', 'Exec 402', '402', 4, '00000000-0000-0000-0000-000000000013', 6999, 7499, 2, 'available',  'inspecting')
ON CONFLICT DO NOTHING;

-- Guests
INSERT INTO guest_profiles (id, tenant_id, full_name, email, phone, nationality, loyalty_tier, total_stays, total_spent) VALUES
    ('20000000-0000-0000-0000-000000000001', '00000000-0000-0000-0000-000000000001', 'Arjun Sharma',   'arjun@example.com',  '+91-9000000001', 'Indian',    'gold',   8,  156000),
    ('20000000-0000-0000-0000-000000000002', '00000000-0000-0000-0000-000000000001', 'Priya Mehta',    'priya@example.com',  '+91-9000000002', 'Indian',    'silver', 3,   42000),
    ('20000000-0000-0000-0000-000000000003', '00000000-0000-0000-0000-000000000001', 'Rahul Gupta',    'rahul@example.com',  '+91-9000000003', 'Indian',    'bronze', 1,    9999),
    ('20000000-0000-0000-0000-000000000004', '00000000-0000-0000-0000-000000000001', 'Sarah Johnson',  'sarah@example.com',  '+1-5550000001',  'American',  'silver', 2,   29998),
    ('20000000-0000-0000-0000-000000000005', '00000000-0000-0000-0000-000000000001', 'Kavya Reddy',    'kavya@example.com',  '+91-9000000005', 'Indian',    'platinum',15, 380000)
ON CONFLICT DO NOTHING;

-- Bookings (mix of past and current)
INSERT INTO bookings (id, tenant_id, room_id, guest_profile_id, check_in, check_out, status, total_amount, payment_status, adults, children) VALUES
    ('30000000-0000-0000-0000-000000000001', '00000000-0000-0000-0000-000000000001',
     '10000000-0000-0000-0000-000000000002', '20000000-0000-0000-0000-000000000001',
     CURRENT_DATE,          CURRENT_DATE + 3, 'checked_in', 8997,  'paid',    2, 0),
    ('30000000-0000-0000-0000-000000000002', '00000000-0000-0000-0000-000000000001',
     '10000000-0000-0000-0000-000000000005', '20000000-0000-0000-0000-000000000002',
     CURRENT_DATE - 1,      CURRENT_DATE + 2, 'checked_in', 24995, 'paid',    2, 1),
    ('30000000-0000-0000-0000-000000000003', '00000000-0000-0000-0000-000000000001',
     '10000000-0000-0000-0000-000000000008', '20000000-0000-0000-0000-000000000005',
     CURRENT_DATE,          CURRENT_DATE + 5, 'checked_in', 59995, 'paid',    2, 0),
    ('30000000-0000-0000-0000-000000000004', '00000000-0000-0000-0000-000000000001',
     '10000000-0000-0000-0000-000000000001', '20000000-0000-0000-0000-000000000003',
     CURRENT_DATE + 2,      CURRENT_DATE + 4, 'confirmed',  5998,  'pending', 1, 0),
    ('30000000-0000-0000-0000-000000000005', '00000000-0000-0000-0000-000000000001',
     '10000000-0000-0000-0000-000000000007', '20000000-0000-0000-0000-000000000004',
     CURRENT_DATE + 1,      CURRENT_DATE + 3, 'confirmed',  19998, 'partial', 2, 0),
    ('30000000-0000-0000-0000-000000000006', '00000000-0000-0000-0000-000000000001',
     '10000000-0000-0000-0000-000000000004', '20000000-0000-0000-0000-000000000001',
     CURRENT_DATE - 30,     CURRENT_DATE - 27,'completed',  14997, 'paid',    2, 0),
    ('30000000-0000-0000-0000-000000000007', '00000000-0000-0000-0000-000000000001',
     '10000000-0000-0000-0000-000000000009', '20000000-0000-0000-0000-000000000002',
     CURRENT_DATE - 15,     CURRENT_DATE - 12,'completed',  20997, 'paid',    1, 0),
    ('30000000-0000-0000-0000-000000000008', '00000000-0000-0000-0000-000000000001',
     '10000000-0000-0000-0000-000000000003', '20000000-0000-0000-0000-000000000005',
     CURRENT_DATE - 60,     CURRENT_DATE - 55,'completed',  16495, 'paid',    2, 2)
ON CONFLICT DO NOTHING;
